CompanyName,ModelName,FuelType,BodyStyle,CarLength
Honda,Amaze,Petrol,Sedan ,3995
Maruti Suzuki,Swift,Diesel,Sedan ,3995
Hyundai,i10,Petrol,Hatchback,3565
Toyota,Glanza,Petrol,Hatchback,3995
Toyota,Innova,Diesel,MUV,4735
Maruti Suzuki,Ciaz,Petrol,Sedan ,4490
Mercedes-Benz,CLA,Petrol,Sedan ,
BMW,X1,Diesel,SUV,4447
Skoda,Octavia,Petrol,Sedan ,4670
Nissan,Terrano,Diesel,SUV,4331
Hyundai,Elite,Petrol,Hatchback,3995
Renault,Kwid,Petrol,Hatchback,3731
Maruti Suzuki,Ciaz,Petrol,Sedan ,
Tata,Harrier,Diesel,SUV,4598
Volkswagen,Polo,Petrol,Hatchback,3971
